intercept,logagbt
-2.7232683722977518,0.9710017304772834
-2.7576614601706515,0.9748381394588759
-2.7488101011238513,0.9750972863260503
-2.765289643815846,0.9755610734180599
-2.7520807639669207,0.9733519932239658
-2.721267145897541,0.9701625397941177
-2.79931959712478,0.9795297551879426
-2.7652753977526148,0.9753947248443792
-2.7560949758609294,0.9751440950050034
-2.771176994794521,0.9752997346584373
-2.759820698759573,0.9758101377071005
-2.7296114710099255,0.9725179958854836
-2.774736979674554,0.9774458393822034
-2.744862587734386,0.9710692121802166
-2.7889436349343795,0.9806199665831699
-2.7560093893840607,0.9763109312940288
-2.745676468207417,0.9728828079643496
-2.7645383869077276,0.976710800178952
-2.7611020458384936,0.9750670248148386
-2.735745094258152,0.9724006626152231
-2.7677725530515795,0.9770060237773912
-2.7653384423796417,0.9753398394816009
-2.749804689667381,0.9750453361244098
-2.785802435563003,0.9795636337829027
-2.7670373912623982,0.9755318965211981
-2.760676735873117,0.975140557581029
-2.7455535203121193,0.9736154910729491
-2.7564337803479217,0.9753828562673477
-2.767380995313269,0.9762583726753142
-2.760868973661572,0.9772427961897073
-2.746288360200857,0.9739983904593108
-2.733866604296048,0.9729506972928116
-2.731619811616595,0.9726457312605893
-2.7489908374150325,0.973591962559482
-2.809517807778201,0.9821435822560175
-2.750346723474461,0.9734613254510144
-2.7638739639313905,0.9770563850919752
-2.752542162804155,0.9761976702344778
-2.7387729094648106,0.9731594829526947
-2.7583195488112775,0.9752040761254013
-2.7674985221877026,0.9767402698685157
-2.7305638642116947,0.9724791171949931
-2.724234051828196,0.9715866467321417
-2.7349777019452493,0.9736508019709511
-2.6980756969468844,0.9677335930798906
-2.774363601569129,0.9775531212684669
-2.777800218852921,0.9772587133695255
-2.7663694074643357,0.9776722845826744
-2.773547169368597,0.9776472146870359
-2.7789114344560573,0.9765832138740371
-2.7522370430693113,0.9756934106312295
-2.7360015602320265,0.9733150688070404
-2.765434280689857,0.9757355829408079
-2.7548428751837473,0.9756019794479728
-2.7773898428365644,0.977498823642754
-2.727393966416807,0.9707613844780519
-2.7874518120040697,0.9792822704549363
-2.780060813674371,0.9789513246334368
-2.7436455854881583,0.9738967874853247
-2.734558413257432,0.9711459175250559
-2.788567596478064,0.9796579175272574
-2.7705241661779656,0.9754711370016276
-2.7638346691820983,0.9747269769446623
-2.7793765328526248,0.977998638355751
-2.753754431147925,0.9749574367797474
-2.7420814758043917,0.9730413020047127
-2.7682091686940535,0.9781705705820167
-2.7742591644268524,0.9773626438824902
-2.733837608182068,0.9720211997419965
-2.761808066541858,0.9774729281316173
-2.745244002206866,0.9726485265319207
-2.7127849987664288,0.970191536783708
-2.780587394047699,0.9776756859834373
-2.7681324942578205,0.9764062930640122
-2.7742459841756313,0.9763957608578588
-2.7539741849624066,0.9759368576738956
-2.755850539449278,0.9759973284454692
-2.7348416201142416,0.9742710472485703
-2.801945405769736,0.9807881932099592
-2.7886297569781493,0.9768517215799783
-2.753630217149062,0.9743604111054409
-2.75481818201596,0.9745600001315589
-2.7994851547992923,0.9799045125897269
-2.764096526020766,0.9748273710982853
-2.767236484841556,0.9767039678380376
-2.7606743611052127,0.975908643887288
-2.752403967516141,0.9748670585944285
-2.771749669653375,0.9761031068423349
-2.789969468787543,0.9796831203424816
-2.7763691106029484,0.9780238935447473
-2.7767240937582645,0.9786606395371802
-2.7633565007217857,0.9759374719987148
-2.7468223667062603,0.974879786874177
-2.773587807726959,0.9769728691486969
-2.7432653563187275,0.9730872822167103
-2.7658805211266237,0.9769864600947994
-2.7473023227989346,0.9723477736634277
-2.7467603144486894,0.9743925392010375
-2.75851101638215,0.9748517385801654
-2.7460153835667946,0.9748013433421494
-2.7504873525172573,0.974729794712599
-2.750496321553393,0.9746379726247781
-2.7809709295976557,0.9782100078203362
-2.7512152912170564,0.9747032678989336
-2.7687095268596753,0.9778403998080907
-2.7684061175648704,0.9766649661727147
-2.7587549861635567,0.9760065396030048
-2.7639613529893894,0.9771734277451432
-2.7297385403658425,0.9700946205769785
-2.802665375316461,0.9811978065408968
-2.775782642834355,0.9780115146311733
-2.732405380282982,0.9714153830081707
-2.7523787622788713,0.974858288508239
-2.755880400709761,0.9746553104069129
-2.7348865531186726,0.9732897738222501
-2.723715858772928,0.9714608481252421
-2.806227495243481,0.9798762312612168
-2.718591384932213,0.9700549270663092
-2.7379768984816777,0.9733582217817573
-2.7907130508287272,0.9784701937562292
-2.7569730699499577,0.9744194952652642
-2.74112694705101,0.9743813058083651
-2.7817100107510764,0.9772631437013287
-2.7779694094390757,0.9773072956056275
-2.7429450925653147,0.9737289583768205
-2.778081460783945,0.9780627952840414
-2.7633422549070694,0.9751790217316464
-2.753890172894217,0.9741183864235547
-2.7794267881896695,0.9774446300000982
-2.7579549321112715,0.9755733827324605
-2.7543044205099148,0.9747845584730199
-2.753673368601642,0.9743898572888304
-2.799126893676946,0.9807698289794533
-2.7566911699723273,0.9753886752317664
-2.756959341304032,0.9738345260321677
-2.7654556883140886,0.9767192710420616
-2.7533287486217355,0.9747316060066112
-2.7644406793703884,0.9767345285213244
-2.7602746534896654,0.9769997992745368
-2.784871891416905,0.9804959957808252
-2.749409070886556,0.9745704542004723
-2.7817919525964587,0.97841861899288
-2.748362925623397,0.9743445404528027
-2.772192674795472,0.9777096141195011
-2.7983603645267543,0.980098652166832
-2.7740349528474617,0.9778729275836968
-2.752037484971795,0.9752995434642714
-2.785103715004949,0.978552562424172
-2.7699522982265816,0.9766167921961701
-2.769848116866226,0.9767167005059472
-2.782247477691001,0.978481727988762
-2.80680130935963,0.9817957738432558
-2.7512853697112423,0.9749862973984006
-2.7525841953440553,0.9738983004431618
-2.787041466009525,0.9801842092203519
-2.7611266339359903,0.9762119133826278
-2.7770065930838013,0.9770867588370484
-2.7805206916282423,0.9769629486910238
-2.749801441843084,0.9737270316775029
-2.7746706876180394,0.9787317436050771
-2.753152628764151,0.9756759936641981
-2.772362022314413,0.9769184416445518
-2.7251086733426146,0.9702739603121512
-2.7983233933033533,0.9797866959854757
-2.758688388798587,0.975284405434087
-2.753799861469542,0.9746975609567353
-2.7562446714999673,0.9751647189187604
-2.7729715306174882,0.976726967429005
-2.748797287720535,0.9756947138748188
-2.772751636212368,0.9770515238050653
-2.7615519400707034,0.9749478196112512
-2.745437628928872,0.972199869700136
-2.7759358959396203,0.9761718639949103
-2.778207112674158,0.9780805526323237
-2.76425337647073,0.9776956377192649
-2.7867956123420137,0.9795756587946397
-2.7381960657178532,0.9732152274035079
-2.757621375431899,0.975777420345206
-2.759076226923577,0.9760048371117662
-2.726756440222864,0.9721201271084101
-2.775491177479351,0.9778735882883673
-2.7472565427797617,0.9738779321205033
-2.73475175486003,0.9735416173720237
-2.7564812947944692,0.9750213985546774
-2.7672608441296243,0.9774264502416171
-2.7688920124046734,0.9753666986439652
-2.7578608431823985,0.9755808113608212
-2.755914725998884,0.9739907745578663
-2.743444806272955,0.973689230563943
-2.7956438077397445,0.9793379975162316
-2.759203913939305,0.9743734907199627
-2.758516284640253,0.9762970286326788
-2.717329260623078,0.9698485082568473
-2.7932444431810253,0.978374081051083
-2.7595959953249194,0.9762319244943303
-2.775143704954514,0.9773572330652246
-2.7508858385650474,0.9745951810473809
-2.744403098099444,0.9739795267927456
-2.7661605313991395,0.9761881195808682
-2.771329459806065,0.9772005667845879
-2.7796305011478655,0.979055933505121
-2.7308446630115215,0.9719855831014983
-2.7571565875746327,0.9762946713852542
-2.790352651658936,0.9800432888268948
-2.806290224925812,0.9821403174682506
-2.7599478148684935,0.9768664451486894
-2.7516963163249115,0.973695032075371
-2.727787705270372,0.9702798632123278
-2.732228102451246,0.9722676060117642
-2.7458264368802467,0.9742550787163328
-2.7443041970397095,0.9726063075518052
-2.742628710444084,0.9744647135272559
-2.7643691152088468,0.9772046909521439
-2.7632791905780354,0.9763274567453574
-2.7228990024667055,0.9715421820221931
-2.7551068896267252,0.9756061227982493
-2.8071948591394014,0.9808048107720907
-2.733703367892939,0.9709250483143076
-2.7583264242812344,0.9776863938327173
-2.730117733809907,0.9717805905138791
-2.7481873136111146,0.974536947452414
-2.7513983861446683,0.9749461591600739
-2.790357417766783,0.9793156361125742
-2.740051115179686,0.9736139257320309
-2.7688969448925898,0.9754916154315229
-2.7270828971959196,0.9708438175682822
-2.7699840234286843,0.9765909877379394
-2.781235018478072,0.9782894608182368
-2.7813074482608604,0.9776727753918059
-2.721345164448854,0.9711164673759947
-2.743542354433135,0.9743944357640215
-2.7893569581721396,0.9799885597785133
-2.7794818891988826,0.9775077539041064
-2.7551131482237396,0.9751124011739367
-2.8105441352113356,0.9813839350772285
-2.745038503387216,0.9739547985388348
-2.732270308396974,0.9721848185848072
-2.776231463125807,0.9759435911433083
-2.7312287276158793,0.9731225835266715
-2.7433971106426283,0.9741203908459038
-2.770369691225629,0.9767330416214313
-2.7535002184193837,0.9749847091741254
-2.769369137595904,0.9777744111167638
-2.7560760136231544,0.9769184860624505
-2.7460080476613893,0.9738009383562104
-2.7611136493223207,0.9747934813151435
-2.767064044581882,0.9762386954091924
-2.7331980251635715,0.9732673003525247
-2.800382653725442,0.9812059727363044
-2.739568525312433,0.9729898891082349
-2.784278029582262,0.9787187553129758
-2.735989120240916,0.9725148519252436
-2.7252687931475026,0.9707785566577243
-2.7852355232662873,0.9796710049087595
-2.7901023792427027,0.978874452565849
-2.7613183421993472,0.9750765769528141
-2.77722796488388,0.9776414877366852
-2.7647606654042205,0.975734104062858
-2.749117200098471,0.9732539644447994
-2.750905004868765,0.9738244590224069
-2.787974156222584,0.9794475101731192
-2.7692480148863576,0.9763546015763153
-2.7263606185740876,0.9713650839313043
-2.7544468823544164,0.9749111686163081
-2.7856623905739375,0.9785752839971341
-2.7619507941959713,0.9760839280175323
-2.7634102245695447,0.9765377999959409
-2.7728706136635455,0.9767153729821529
-2.7601575852178413,0.9748693072399786
-2.736521794490635,0.9715198633761575
-2.734234855911974,0.9728013645437257
-2.788021227646439,0.9785429228889386
-2.798364270560294,0.9807244519539028
-2.7471227405246004,0.9749206805669838
-2.7674449949579194,0.9770440149645357
-2.7513474343366933,0.9750304903348316
-2.750010393866366,0.9745681668099883
-2.725772235141314,0.9709247592085755
-2.8084540275359857,0.9818192813454425
-2.775616144165866,0.9780127946038466
-2.7801446713387477,0.9768335024452911
-2.7471277690911924,0.9743911757307896
-2.7602356519063562,0.9765690935301719
-2.7513401090583813,0.9755371043154286
-2.7523973241357638,0.9741688118647303
-2.7330224089733637,0.971875586458524
-2.7623002539986254,0.9748706103434495
-2.7683201562521225,0.9761698069483172
-2.773526993304555,0.9764801216945787
-2.7712434691067434,0.9773814066067403
-2.7756138711936846,0.9767927084087781
-2.7687088093027055,0.9769299548107628
-2.76165312116277,0.9756401808295089
-2.7916992947456802,0.979669460231302
-2.784694833802709,0.977875061234738
-2.743262723782105,0.9721402269867376
-2.767962778097667,0.9764384846667902
-2.7569365792989604,0.9743009951268624
-2.719352009795884,0.9706529707245151
-2.783636141288686,0.9785216076464207
-2.764552729351969,0.9766129376581197
-2.794837529370508,0.9800241431794658
-2.776056731698314,0.978460700218965
-2.7737020044420033,0.9774906044365334
-2.80065994389701,0.9810365682640257
-2.7747199358672803,0.9774019319852089
-2.7471674471702703,0.9731538706878775
-2.7816635688804427,0.9767992557441061
-2.7827109399896335,0.9784044904381426
-2.7786448010177223,0.9775156125915868
-2.811064814873419,0.9818843661525306
-2.7102298152191127,0.9679711901694695
-2.7572775226556634,0.9745331534498235
-2.8020708676467407,0.9801522414105032
-2.7692495988568187,0.9761698629041289
-2.76890425319096,0.9760027489485621
-2.755893019943995,0.9740283152326743
-2.763646602325503,0.9742317547226365
-2.760040637292284,0.9756337311825952
-2.747407922561356,0.9739052383891527
-2.760650355431476,0.9761843475339479
-2.7608184687859114,0.9760071780203079
-2.7540322922129628,0.9746498128554173
-2.749527194253273,0.9735724879440089
-2.7258315717344592,0.972202198894538
-2.7683806765250285,0.9768658035266414
-2.765885171817475,0.97483439763901
-2.7796938409795877,0.9769481035355302
-2.744743899024663,0.9724575355514699
-2.780170929711435,0.9785839830374085
-2.765928002930926,0.9756090693939431
-2.756469570512501,0.97518711584117
-2.7705075926039253,0.9771154154754323
-2.751349388734761,0.974350828923989
-2.718999923818887,0.9707111609611914
-2.767085953120453,0.9770363877198653
-2.7755930774395035,0.9785437278074044
-2.754923973401009,0.9749958924990659
-2.741952743112161,0.9741152346878234
-2.786665355790181,0.9789197011539252
-2.737913954359883,0.9733397241485513
-2.7419448435418143,0.9727498460825728
-2.731933800861424,0.9732348293723145
-2.7645429479698036,0.9775392040146511
-2.7645514810070866,0.9766099523657944
-2.756073987867955,0.9749081534886967
-2.7676400211660113,0.97718816277335
-2.7687248192568625,0.976565173686066
-2.765231503491119,0.9756847680886285
-2.730214085155651,0.9713604260892141
-2.75693785451667,0.976145851797714
-2.791906363768702,0.9804398450493336
-2.7194888243203286,0.9711896716630014
-2.743065273534504,0.9735950031048195
-2.776135519001189,0.9776439335145931
-2.780798692916052,0.9786432477186978
-2.748313017668084,0.9747404746078766
-2.7431691741991644,0.9729662676104305
-2.745253539450295,0.9743941495916552
-2.7968339249362173,0.9799969936200574
-2.7605907978382054,0.9753966709720441
-2.7357300734461014,0.9731681580650373
-2.7219198341591464,0.9699976969051671
-2.7618123722149486,0.9756947252893952
-2.7292951617392314,0.9712121228547311
-2.805483252816027,0.9817579913887738
-2.7548498302172555,0.975023990512042
-2.8006815690208047,0.9808130970589323
-2.7578726261319257,0.9748300780655109
-2.7615983315273147,0.9744731612346014
-2.755178126521961,0.9755336739009166
-2.7690755230302093,0.9762509162563836
-2.760227342968273,0.9734422346967491
-2.762893926921944,0.9750465593209596
-2.760075585677931,0.9761112668406354
-2.791854564823592,0.9789527445929517
-2.75347755804196,0.975024576467771
-2.736605450740616,0.9717723949800848
-2.780281073235813,0.9779423090778249
-2.791902103332406,0.9796390821631756
-2.7634486662039244,0.9759589593492217
-2.7523069501483683,0.9747980732012873
-2.734841373590811,0.9715880456145985
-2.7750482179642915,0.9774643136977932
-2.7658545710277407,0.9767165906012726
-2.754990313520757,0.9730146762136153
-2.7702378321440557,0.9764133744564538
-2.7317406255833725,0.9722210563501922
-2.7360218091979727,0.9739387878436693
-2.787353285957306,0.9792658316883319
-2.79052068153306,0.9794652494959857
-2.7701969168082217,0.9763526878462822
-2.7778755473085566,0.9771047093540958
-2.7823414654588454,0.9792682008786455
-2.7329685292251353,0.9724553872135006
-2.7748949437030044,0.9778243819198352
-2.7703757034301733,0.9771793486904867
-2.7291842413815006,0.9723371240828597
-2.763678838810262,0.9760524492912678
-2.7635612177288555,0.9760328282674482
-2.69880609974875,0.9679227686958232
-2.7708737922764746,0.9774727476414696
-2.75488612850181,0.9749903291360564
-2.7164959955808587,0.9703021148402441
-2.7846293235242414,0.9785806620638736
-2.7707452104224086,0.9754882393363377
-2.803540893420982,0.9807662841748824
-2.766867133033924,0.9752750759964861
-2.7437591775633576,0.9736197717469026
-2.764344522012415,0.9765939530016693
-2.782528302545212,0.9776966968571001
-2.750320100937354,0.9755136918623306
-2.753679213961323,0.9739197454526577
-2.7038351466236312,0.9691696348545771
-2.770428069519369,0.9765848953977375
-2.7457023271409113,0.97458680720582
-2.7959424245478397,0.9797784649647064
-2.7760636420284044,0.977164069798835
-2.768716816347797,0.9770618650934706
-2.7822819912203753,0.9795397127174369
-2.74212554271179,0.9737487956197786
-2.7396688391026713,0.9730772655393081
-2.7528203570514242,0.9738422598383056
-2.772657634208945,0.9766713259875018
-2.7733280059068335,0.9780301814625789
-2.7824548712091324,0.9781176218851212
-2.77271028210289,0.9781475390378418
-2.7710659454334094,0.9771313487502514
-2.764424985344951,0.9775338409366113
-2.7585229997762584,0.9763576161234956
-2.7543297648036025,0.975223226494828
-2.7563350282886576,0.9750499506628868
-2.752793197316056,0.9733574847130961
-2.763638538691122,0.9759088583659975
-2.7241505863097206,0.9711329695132876
-2.736895688861201,0.972037059848644
-2.7737185954051724,0.9783575757728867
-2.805462747717688,0.9817622836460352
-2.729941172298068,0.9713751322768773
-2.771820520477078,0.9771850146571898
-2.780453400560378,0.979237854979009
-2.7565223409654704,0.9749101825473664
-2.761809116817899,0.9757190457454763
-2.809559468252471,0.9824086973963957
-2.762509484906014,0.9762195839912445
-2.794709946846093,0.9791821051227131
-2.788699404060007,0.9778160824646578
-2.770160751008133,0.9775253223510171
-2.765061469788407,0.976327593090719
-2.813199189261275,0.9812297815335648
-2.7174212208716866,0.9703814931392346
-2.747574411451819,0.9752994246669658
-2.7662434675153533,0.9749827142412176
-2.7768995866236192,0.9785207672705853
-2.7428753210523262,0.9728374848472506
-2.7686807563574742,0.9758845060846078
-2.762686853309208,0.9757399378443131
-2.734231730695339,0.9727009782374032
-2.80193103002204,0.9806544029669099
-2.759792149280643,0.974500255656357
-2.7704183772003623,0.9782238552485751
-2.726374942196587,0.9708861257876745
-2.743740350972179,0.9743362095776258
-2.7569413300693335,0.9756839011956239
-2.7647655165795046,0.9754290855487944
-2.79194340061992,0.9788459669461476
-2.771374672017083,0.9773546072259196
-2.782120677501957,0.9779516792686956
-2.7897589468105277,0.9787547238905313
-2.7747773854232634,0.9769323417996876
-2.7477007934509503,0.973180592986434
-2.7699696644791283,0.9769845395262841
-2.7208560950071385,0.9701936833175665
-2.732223042541944,0.9730038848831263
-2.752037964548652,0.9741423336540306
-2.7563047561030074,0.9755291012885694
-2.7539138351365806,0.9748284081846464
-2.745371115357272,0.9752894849160623
-2.7535676018106554,0.9755088878745224
-2.789861043825229,0.9791516393184674
-2.785066014365072,0.9779060215748794
-2.744680914057435,0.9728862491554215
-2.731542049051349,0.9713735675367624
-2.7691611945555565,0.9770438159074133
-2.757736567212335,0.9751701553903891
-2.7706795092765732,0.9772335526093144
-2.7775126257181335,0.9769420641675493
-2.745980656844422,0.972767125157025
-2.783992852866982,0.9790450835574666
-2.773867189453423,0.9769497899597864
-2.758491416273225,0.9750176362745292
-2.775853034895134,0.9765125039022629
-2.779521141679053,0.977887764700283
-2.7530907160174034,0.9741252849552111
-2.725076814430058,0.971460982862122
-2.73544045856138,0.9730018513161255
-2.72360047602072,0.9703784193408261
-2.71201136981102,0.9681274115673802
-2.7563529480338627,0.9745120846936229
-2.762830169577268,0.9761737299467248
-2.757043312409968,0.9739782380878041
-2.784137703274701,0.9787603652805057
-2.7728171107767734,0.976672683428548
-2.748924446015064,0.9736280646407114
-2.784087766021445,0.9790785240131348
-2.8104569859594344,0.9818362169773969
-2.7519800034411825,0.9735347656847189
-2.736910398859892,0.9723169833549817
-2.7790558016269724,0.9778168168096921
-2.759822803252383,0.9758673741432122
-2.7410535062541284,0.9732402380129039
-2.7465986742922888,0.9738934690396288
-2.7659679615778967,0.9765272334340983
-2.734091075725703,0.9712073368934415
-2.7597904959813464,0.9752206555346223
-2.7585268736334965,0.975633521943022
-2.775575203585704,0.978118504469647
-2.7540516335634924,0.9749224296782951
-2.768662094468493,0.9765839664380647
-2.7864806304089043,0.9788743651062334
-2.788190528813605,0.978979967165147
-2.7292856797365035,0.9724009750823817
-2.7551842699391806,0.9756521469110542
-2.782884996811362,0.9793370441400399
-2.7734329454407822,0.9770165326305997
-2.775827179677589,0.9778048465548672
-2.775809150271141,0.977281248900109
-2.7913072606565392,0.980340297519987
-2.736740506723543,0.9720123896241832
-2.7753742903323344,0.977069171513884
-2.783556018067736,0.9789802112933425
-2.7623082554263743,0.9746298981364451
-2.750144543260551,0.9745515288196587
-2.803597264653974,0.98152318047225
-2.740347300950368,0.9745155954613188
-2.796934379009766,0.9801798765193471
-2.76753690240413,0.9763828245873545
-2.7485170962674843,0.973554755774148
-2.741578852344289,0.9734618978562747
-2.7441980434309134,0.9737466518345896
-2.7735389705715954,0.9770115396214001
-2.7521409851944267,0.9742061231160597
-2.791965880015799,0.9798844461754965
-2.755521478292345,0.9748694889998798
-2.7453555982785747,0.9737138749114063
-2.7787924222942686,0.9786413488796645
-2.7820680054088087,0.9786828241764174
-2.790974586364734,0.9789906359666966
-2.78444311790665,0.9783774111131522
-2.7592614749148634,0.9752385334009456
-2.7423763582325478,0.9733603181907189
-2.818384677206855,0.9832135504159034
-2.77089305434954,0.9771070325728551
-2.749432944364779,0.9751400629195247
-2.771595582123837,0.977394674632206
-2.7755421335706956,0.9776146427292922
-2.7571876787039074,0.9769121636209709
-2.771425587986214,0.9769814076564547
-2.74500686363059,0.9749847525584066
-2.72889172838788,0.9717217213339413
-2.7598710785827913,0.9757301022396048
-2.7283211998593595,0.9711847399092803
-2.7782453196802406,0.9778491531117431
-2.7479193052175983,0.974936066986342
-2.7278307854051453,0.9708097122027843
-2.7236371365730383,0.9711107122498739
-2.7208788481395594,0.9694304496392232
-2.765070945058433,0.9770411941342713
-2.8027244431874108,0.9802981772958982
-2.7455148871066903,0.9725069393345604
-2.7820495490618136,0.9790192994974101
-2.7884789268195105,0.9796186519102499
-2.7473589316089755,0.9752222540101936
-2.7538650994930847,0.9743633222652818
-2.764803097247274,0.9763522875469671
-2.7980194660246074,0.9802936456990907
-2.73364741856278,0.9730768335978361
-2.784543093602255,0.977929680150078
-2.724512893583148,0.970793965156736
-2.783078342719161,0.9795505676117015
-2.784582366919388,0.9791508306297118
-2.7680562047065482,0.9767079082159336
-2.7456345174122396,0.9736773498855235
-2.7519300834814713,0.9737115866835174
-2.7669555794096476,0.9770866615012797
-2.780257242454428,0.97858676680194
-2.7530807898175906,0.9747214136653942
-2.7669565533661578,0.9760326063997282
-2.7824844583225152,0.9776686579205979
-2.7622266011567116,0.9762801990878448
-2.7341163108027886,0.9733948748621548
-2.752949974917253,0.9738266566012593
-2.803095829837122,0.9815634612148052
-2.801718130297087,0.9810535086470398
-2.7364762601303787,0.9740105125909634
-2.7857133665391927,0.9789098345551298
-2.7746502325845257,0.9780641870282323
-2.732964123170646,0.9723079377673614
-2.7785917896548686,0.9786178467626366
-2.7571330523029145,0.9749347214568231
-2.7659814143060175,0.9764733253323613
-2.7607736248845387,0.9772408311941279
-2.7811411845390506,0.9787176517975764
-2.76476887596626,0.9761856957327533
-2.7622168262718474,0.9749778042460462
-2.779742331452938,0.9785376702488888
-2.725581157988836,0.9726292505953064
-2.769928793307356,0.976037872012174
-2.7615397910227446,0.9759799198797886
-2.7564104343402187,0.9748487335295759
-2.763883738460294,0.9766862133331414
-2.782589705721785,0.9759647605108167
-2.733391570550676,0.970963342040654
-2.7469836660049953,0.972922758995706
-2.7634506299920742,0.9768275631065225
-2.7981751054835544,0.9812882721713241
-2.7603929605481263,0.9754998129763851
-2.759778061735129,0.975587081669229
-2.738359076626241,0.9730988145977089
-2.7746208779747747,0.9786228246214612
-2.7277385885581884,0.9710804373484812
-2.7893846639720405,0.978669245061739
-2.7632840384712423,0.9767196958770985
-2.7694683879649595,0.975387040439046
-2.729428148638895,0.9712593687561715
-2.7254671101991623,0.9716995220977293
-2.7808783236211054,0.9783772430503858
-2.780175581674277,0.9774380711635661
-2.759696944653149,0.9764091327555431
-2.7731691100936025,0.9776812900002856
-2.758001998277262,0.9755084331380471
-2.765926952979984,0.9749932169844716
-2.7572252584250303,0.9744939858576047
-2.743214659395544,0.9732754789499081
-2.768101774499235,0.9775860088090221
-2.7448092564199253,0.9748755462951504
-2.7515291508371873,0.9748748999515294
-2.7681862494883602,0.9761297016390512
-2.7339936866082715,0.9712655199358886
-2.785029962242511,0.9793049837708135
-2.7563664586027947,0.9744668827538725
-2.7510541895333556,0.9733689363312314
-2.7576434219417187,0.9748276577243445
-2.7977548891091923,0.9805321694642697
-2.7564538146987214,0.9754725938224063
-2.737406307274382,0.9726519594491289
-2.775897528991151,0.9768603270234884
-2.7442905935724173,0.9726633812722668
-2.7820499329861614,0.9788848879596
-2.7809389506155706,0.9775741559217804
-2.765741950094317,0.9769407153964529
-2.7371621843615257,0.9720280028276015
-2.731661558442336,0.9722266554105932
-2.8004651216658143,0.981341083359671
-2.7713210796213303,0.9781794377677958
-2.751740295835674,0.9749054671361536
-2.7655898341554828,0.9779244904407564
-2.7366207576642587,0.9725270861997968
-2.773407761527185,0.9776959272102992
-2.702627067417397,0.9677375979862409
-2.801647255324975,0.9803343569936603
-2.7601153413722788,0.9753890153256314
-2.7757413748339386,0.9764544301983454
-2.7556864722976377,0.9740196914031092
-2.779160327393783,0.9779739867093071
-2.785130957596741,0.9773684421165733
-2.745412253924764,0.9737452358005315
-2.778243804718417,0.9771509612424606
-2.772393348329029,0.9780602908667324
-2.798194293655933,0.9807679981365257
-2.756704800894639,0.9754867820706139
-2.768532511421589,0.9758072891831057
-2.74460851533953,0.9750080135853008
-2.763654626825807,0.9758513770508244
-2.7488983873343598,0.9741699255482442
-2.7604347179863753,0.9745796224176883
-2.737441443203833,0.9729153363784134
-2.7843549598466906,0.978985387094215
-2.7584131249072525,0.9751366853810914
-2.743507759633465,0.9737978470184083
-2.726713611258898,0.9709885953902757
-2.7955828457803804,0.9796509632860266
-2.7514281949871053,0.9743916218471482
-2.743750749411274,0.973210320881415
-2.7452551020441045,0.97297974013665
-2.710060237594742,0.9690315081174492
-2.757731606772865,0.9768968650731396
-2.735114646983664,0.9714983948552133
-2.7231297734525106,0.9706639334076148
-2.7749570544666105,0.9773958164540543
-2.7935711336136078,0.9801560792561448
-2.767327627918007,0.9766572638458454
-2.7131938625964014,0.9703858231165469
-2.792613289110271,0.9782150076510687
-2.7368650954785156,0.9736114577504938
-2.7466672731545634,0.973349757920157
-2.7869175024805437,0.9780793140510313
-2.75458886973904,0.9754258948726303
-2.739463197686976,0.9728201073882067
-2.7543269690804597,0.9751257124480069
-2.760450237907018,0.9755547610145558
-2.8032087064591527,0.9813622285088577
-2.781871159204921,0.9774903829557686
-2.772125335651637,0.9777762920763241
-2.75411758544948,0.9742858166745202
-2.781272882145068,0.9789018203812947
-2.7376882895133416,0.9725742643955722
-2.764185581944297,0.9760140964112471
-2.7795987237582858,0.9767411871201374
-2.8048072061396065,0.9814991185486618
-2.74473491471116,0.9738078109993732
-2.7337222917127364,0.9723500472256921
-2.793920760896076,0.980212339721503
-2.8046767207010497,0.9802138901152406
-2.7603802164771145,0.9744161639761155
-2.7501106919442835,0.9740796070585144
-2.788641580089328,0.9781204014892374
-2.7672860060931983,0.9772971224769015
-2.748214654682259,0.9737043391748689
-2.7903367781326365,0.9801807366615293
-2.7935832584502354,0.9795320517612915
-2.7810766115690666,0.9770805264156793
-2.771345502567105,0.97729885871952
-2.7500028030511983,0.9738793797245305
-2.759430942425914,0.977334919486338
-2.791096735064315,0.9775091088748433
-2.757907573444965,0.9760156473241814
-2.7650746362571494,0.9775272559489312
-2.743100823818443,0.973159548111374
-2.7217985227824606,0.9709356549786079
-2.7218129819706256,0.9708729426409354
-2.7375490295914613,0.9723488999409897
-2.7819960173952647,0.9789753047549297
-2.7668718478716245,0.9753338301235646
-2.734084030384395,0.9718254094032549
-2.7895639641801937,0.9799572045030941
-2.7705499438771684,0.976629858187419
-2.784463698140153,0.9792272428381558
-2.8055621785997933,0.9807038027272202
-2.77276486631887,0.9773080101458854
-2.7816752905669926,0.9771885277545592
-2.7613295125956476,0.9773977487399034
-2.7637633031366873,0.9756710644864973
-2.7509190947572404,0.9746593777608799
-2.7571598542577482,0.9747187964053404
-2.7414836752386442,0.9726788422708023
-2.762516430370034,0.9758938161503994
-2.770124578269083,0.9768603378907322
-2.782933950883234,0.9771870800629832
-2.7724321337825826,0.9777772925173646
-2.7463746956108075,0.9749258985771703
-2.7559376001073685,0.9763912064294274
-2.7278162965869455,0.9712522924773652
-2.74106228122555,0.9737608158060352
-2.7585679253063766,0.9764932165462994
-2.7730842491839756,0.9776359637594156
-2.769075468402311,0.9764494643423889
-2.755599121289955,0.9748429656368458
-2.745802355494298,0.9741006980264284
-2.7488438315313806,0.9744326805664886
-2.7769446666655924,0.9776416292204292
-2.7419436927346483,0.9735009773299632
-2.738074910308397,0.9719448184130747
-2.7715934306396046,0.9762728178949629
-2.785211153689638,0.978747220462139
-2.7652964007892225,0.9758200663084483
-2.7645013648007817,0.9763885726016374
-2.7967068091267704,0.9795561985459682
-2.7694562952687414,0.9767657549780117
-2.8012129661355973,0.9810773821645313
-2.7453380256559634,0.9742503523529527
-2.7704107740229014,0.9764706724794266
-2.744272311327995,0.9735894180204483
-2.7001011179478285,0.9680581931474834
-2.7715651512357717,0.9773776694375228
-2.78523335673967,0.9789510474893104
-2.724600450509836,0.9715832967229058
-2.7271565111713105,0.9713581845560684
-2.7179420224278155,0.969690190123534
-2.721778740522108,0.9717594703531948
-2.7333638756741685,0.9721681976141638
-2.751829876441641,0.9747689018130131
-2.74472939878369,0.9728810251341226
-2.7754094487480065,0.9767511883153805
-2.7578081652258786,0.9747571004144617
-2.7514283170177256,0.9754953389545609
-2.7742572875549065,0.9765205379254567
-2.7637412663086116,0.9764948583305485
-2.7749886623616296,0.9767922533650634
-2.7263742005784652,0.9728290204320083
-2.776065505025803,0.9785143597473485
-2.7448151983302282,0.97228975574545
-2.7259402739717915,0.9724350524011462
-2.759425016969127,0.9749131057478101
-2.7972696433964512,0.980072511597347
-2.7658706767971877,0.9766916477995753
-2.740909977735056,0.9736626751506845
-2.7600758929203573,0.9759779114544344
-2.785231169308436,0.9778894291811696
-2.7727420727959777,0.9773601311884029
-2.7425115972976073,0.9725652687125925
-2.7787327737765173,0.9778381342605696
-2.815584481896452,0.9811216561696195
-2.75676016054036,0.9756128107781809
-2.78257658827079,0.9791149266803783
-2.740683193411126,0.9730441541820254
-2.7568970688187027,0.9757701138471551
-2.7582386160883585,0.9751074816279686
-2.771359473788366,0.9766994449966383
-2.7101872551519657,0.9692081669565231
-2.74553102488291,0.9737722532865406
-2.7496735705627673,0.9741546528163715
-2.7775661863667946,0.9782456225607978
-2.7762416252102025,0.9774971119380651
-2.777019458382196,0.977533939775849
-2.7244961444244,0.9703940969442015
-2.746507902927787,0.973847616256973
-2.7941483133743303,0.9781774106734763
-2.7742759517048823,0.9784363927848476
-2.7500398917927353,0.9751048615385254
-2.765337776210967,0.9757928867616205
-2.7696910610818235,0.9763999323567809
-2.7155711211496936,0.9703626171092217
-2.793105549629258,0.979367559124044
-2.7363707228653475,0.9733504194347327
-2.786073545662177,0.9786789489206786
-2.8129297948798437,0.9815303876043374
-2.772795645451009,0.9769327918260841
-2.7381486100206307,0.9723133736625287
-2.7223785998415875,0.971825521022873
-2.765668147933399,0.9760021697881308
-2.755738605877158,0.9750190408556777
-2.763213045955172,0.9760463009616831
-2.80013502061068,0.9806923152057381
-2.7699575362134268,0.9763396141663562
-2.732024184528725,0.9723828566099865
-2.764704871760749,0.9761589183226215
-2.7682827498332325,0.9766149982663126
-2.8128587217967445,0.9819972300428221
-2.772841768788728,0.97630842202996
-2.766376109871117,0.9760363824281386
-2.7772067819868584,0.9781100451548448
-2.722280509089077,0.9709069390610879
-2.7728087663594145,0.9770384052613693
-2.765856038483571,0.9763370313288795
-2.7742972214628927,0.9773559213027015
-2.766907553542554,0.9785677480896255
-2.732178857353063,0.9723004473060354
-2.773060531548687,0.97880782310841
-2.7472177931467656,0.9745886130249923
-2.755717435336893,0.9755285850253549
-2.764227988388012,0.9750602939063694
-2.718582005534924,0.9697635757360641
-2.7473244771765124,0.9745326372469726
-2.75970999405248,0.9754950629077197
-2.7791006689089484,0.9784859456547884
-2.748639033601462,0.9735528958449926
-2.7384655081358154,0.9727170007767898
-2.752596392218624,0.9748811139168728
-2.7571885484621497,0.9761005821471513
-2.75292688807716,0.9742868719319685
-2.7610806220718382,0.9760189689261881
-2.756173368879961,0.9753861605145612
-2.7991987564196377,0.9800220429387592
-2.7351814734285864,0.9715565010116103
-2.7665009684333652,0.9782398441806416
-2.7779906248496227,0.9775136132861635
-2.781699478720003,0.9780367942184155
-2.753581094150035,0.9748323260590814
-2.7745779021264894,0.9779388070853052
-2.7967221034986345,0.9807689613154282
-2.7368547407227686,0.9724493598818196
-2.7253643474027855,0.9719584567543911
-2.7460146497818747,0.9745122340071926
-2.7739930487359175,0.9765091769490761
-2.78457660912107,0.979150857923516
-2.76629089923721,0.977575930938114
-2.7391084650154096,0.9736629723428369
-2.7796243601761157,0.9783658192102366
-2.7616357275842067,0.9755055818419089
-2.7445271287917237,0.973993376547168
-2.7656880753181428,0.9749966525158784
-2.7590811314993973,0.9748456642618142
-2.7833573306750066,0.9781209510675127
-2.7614123773445014,0.9755943653952617
-2.770459074243418,0.9760490773492053
-2.7467615976829696,0.9735074238255661
-2.7204155484669177,0.9706883976516126
-2.7588403714033736,0.9756331390070538
-2.760666680447152,0.9755127666376585
-2.7720910751708647,0.9766099699116128
-2.725793842911293,0.9714537592770005
-2.7503001577971173,0.9743970341388373
-2.7420428970285684,0.9743115007052849
-2.7382710799197527,0.9724477543814617
-2.7575538603093968,0.9749657971200355
-2.7877504696061717,0.9795122956989968
-2.7387232880834502,0.9734241712885249
-2.822346550583907,0.9841113997088563
-2.7507903786004237,0.9737874414088725
-2.7657000615588165,0.9760724721297279
-2.759496687571031,0.9760803143856419
-2.729583901610351,0.9709349031296721
-2.7937615938257614,0.980880386163718
-2.7714666596939055,0.9762812969250253
-2.7852838995670903,0.978237838593744
-2.7502741059590816,0.9747152465765219
-2.7653722956571634,0.9755451947195858
-2.761368715512889,0.9750956499382786
-2.7421570760513125,0.973205844477696
-2.783887834228547,0.9790043962942203
-2.7749352819961075,0.9776323248723963
-2.779603436423947,0.9780787413445524
-2.7226275964633553,0.9714968061004566
-2.7410137925151052,0.9739465395512734
-2.726694157388125,0.9729154135009376
-2.7495980151007857,0.9742945069099316
-2.75697867406074,0.9754533797346078
-2.7334870880645328,0.9720370942488225
-2.7911906643390454,0.9796780891150461
-2.813670353326942,0.9819967190614861
-2.761369242434493,0.9768177965759826
-2.7327555131185806,0.9734990781917271
-2.7773024370141384,0.9782430542548641
-2.7414928004493673,0.9729436474558949
-2.746664368570678,0.9743013694612176
-2.767645489871199,0.9777097537190956
-2.7505770768131637,0.9746817356341351
-2.7478770670657657,0.9729754575153018
-2.7621011043842096,0.9747498376875289
-2.752478658435676,0.9760210782308165
-2.7330170549532036,0.9731553056608605
-2.7740736460021016,0.9776173354893398
-2.7927987486115775,0.9791376704053371
-2.8170132532504986,0.9830996727442491
-2.7946805058216078,0.9795775389643159
-2.769539037936168,0.9763612815389234
-2.771859943192466,0.9777448830972635
-2.762346314302272,0.9751870084005595
-2.7345031043594603,0.9724811550522574
-2.755627169524499,0.9745508448084522
-2.7701439155121332,0.9772288084924807
-2.7474043734313045,0.9735789319901904
-2.755181685555398,0.9758817998081464
-2.755119185020698,0.9756759586498521
-2.754356749141663,0.9747822616722739
-2.7603868527696056,0.9759000695279016
-2.790004840351797,0.979687074746416
-2.7864366919934116,0.9785737502697547
-2.750023977507135,0.9742041932134334
-2.78857018424083,0.9786347638292283
-2.7525189630669944,0.975391217656716
-2.775672457976661,0.977829900480566
-2.7404901038153695,0.9736098292765192
-2.769767712062851,0.9757795494875108
-2.767583735108856,0.9756727989762494
-2.7976839391291457,0.9793946286456765
-2.7475717924054526,0.9740794254206118
-2.7649324358876632,0.9763808111651984
-2.765874824813686,0.975533917670671
-2.743875164031559,0.972146857307445
-2.802942077972652,0.9795305333387322
-2.796574088593351,0.9795995139471977
-2.756669972099303,0.9757645200099664
-2.7719005761490507,0.978056226579782
-2.7749294962594817,0.9765145574491546
-2.7550208674684638,0.9759478175956927
-2.738740998492035,0.9726017312755645
-2.757489729903625,0.9753270358178507
-2.763175902213886,0.976576970494917
-2.7892409402922067,0.9800384975691058
-2.7962231660425467,0.9798022502909216
-2.7393675080839817,0.9742425624279529
-2.7683868910408,0.9765953940561893
-2.751685157412029,0.9744903637086908
-2.7724947923856256,0.9771513273491839
-2.747093521641177,0.9737320608215179
-2.7927150827770526,0.9797408631142311
-2.729833209546593,0.9713845073384125
-2.7426918013841806,0.9744581563558076
-2.7479119696678898,0.974360593589129
-2.728505521279468,0.9706861950481466
-2.7570605206588152,0.9743053455486061
-2.7767808996328402,0.9777096696907764
-2.795162855659152,0.9801352482641336
-2.7807922384715185,0.9775234113024946
-2.798790674466899,0.9814562672383238
-2.801241733117437,0.9806601973878007
-2.77005002941821,0.9774665846603771
-2.7868697200365973,0.9780461790800956
-2.777713358661883,0.9775046964434344
-2.781977970775747,0.9781841885459582
-2.764806254623099,0.9748285846061433
-2.74717789474763,0.9737785071305173
-2.7444818803045132,0.9754203955976408
-2.765611563817343,0.9763461015290187
-2.787226678449191,0.9789336460026984
-2.763032566125539,0.9764006901320663
-2.7592762989559856,0.9764151267423312
-2.717824135251854,0.9704653947762791
-2.7289456022326792,0.9721069956602613
