component,spcd,n,sigma,rmse,sd_pe_pct,fi
FOL_DW,,14972,1.16555203273024,19.1190097437332,283.664252673935,0.807939009094878
FOL_DW,12,200,1.59101308174016,13.3814584304236,202.524828171942,0.595266601908939
FOL_DW,15,104,3.22309946471516,97.4340017109877,84.2258402111558,0.755761620351259
FOL_DW,16,11,2.47567246213897,15.8458421097188,140.41032227322,-2.5506041982781
FOL_DW,17,107,2.96103666833197,37.7085997786031,60.8525299992441,0.816456490841776
FOL_DW,19,114,2.27089257501773,27.5119530376975,70.3969675183982,0.756678999816497
FOL_DW,20,14,5.26548211969211,100.007538931146,66.0610089806258,0.575875458565035
FOL_DW,68,36,1.55971217376871,11.7140160914993,193.316814843929,0.643497607907595
FOL_DW,71,94,0.547965800043298,4.15667831179945,61.6164505096695,0.762554961384294
FOL_DW,73,66,0.56631501328944,8.5468014814303,102.37191736371,0.764852988688914
FOL_DW,81,12,1.73120335114597,28.9024419903733,59.6115780937646,0.786632001821512
FOL_DW,91,30,2.02693474187883,24.8314905138486,35.9414348492999,0.892576153362378
FOL_DW,93,119,2.80493630373095,38.4946101652993,228.699606197508,0.70892894787027
FOL_DW,94,87,1.44990611414184,11.8749828420426,71.1134607957678,0.961024109343827
FOL_DW,95,136,0.980334326896117,5.50894141879523,61.1688316443802,0.784145801552711
FOL_DW,96,1,inf,7.27063652341728,,-inf
FOL_DW,97,81,1.75619219847762,25.1216063508409,68.2896363205033,0.708715946917254
FOL_DW,98,31,1.44559491531094,21.8710548629677,136.06476504956,0.877135743232153
FOL_DW,101,11,1.82052746871122,7.27990929514147,4731.30998404209,-0.471666821606926
FOL_DW,105,115,0.791382892735244,7.25442043415973,303.066010159912,0.637313991011177
FOL_DW,108,447,1.09449854932594,12.0433836192725,1054.20056435993,0.756677200978504
FOL_DW,110,253,0.594963345267756,9.49333585147204,249.937430374219,0.794095518616626
FOL_DW,111,173,0.844898336749771,10.3663730820127,77.8609309812849,0.862086268825931
FOL_DW,115,1,inf,0.512704173383005,,-inf
FOL_DW,116,9,3.47295286101509,44.7629733703999,43.0463430873559,0.360958973869838
FOL_DW,117,2,2.04401332668379,22.5437453144686,8.1772367525912,0.376495038594994
FOL_DW,119,33,0.902137264693868,15.8510906802003,36.3124010612079,0.841014399651412
FOL_DW,121,314,1.21682340177551,15.9374218796424,159.013929385041,0.802859896516368
FOL_DW,122,606,2.30646688082705,40.5011278802133,95.1805785312548,0.736369783541374
FOL_DW,123,6,1.14757234199751,17.2586909021939,86.5421834806029,-5.2337550985383
FOL_DW,125,262,1.29778130656768,14.8280904378366,333.488955814822,0.782755473871809
FOL_DW,126,35,1.19198965606848,9.39410779536428,107.99359581544,0.833591988343535
FOL_DW,128,18,0.399423939712862,4.75543225176076,186.047117862904,0.418225847457401
FOL_DW,129,341,0.975540090383428,15.7972420637022,195.464419375245,0.794770361837054
FOL_DW,131,817,0.806327020110638,10.2870502767557,139.293072423448,0.751764308752082
FOL_DW,132,109,0.826743829299089,6.17211788436566,126.922641963546,0.775809790602858
FOL_DW,202,649,1.80699473717753,30.8281289825731,97.2645502673692,0.840377033792742
FOL_DW,211,36,3.8703957717885,116.949922135345,60.1649816352836,0.394908885354139
FOL_DW,221,26,0.242516534268485,1.39294066762415,65.0930163838984,0.398224648095271
FOL_DW,222,45,0.632264130222373,8.83877161542916,387.436918867163,0.649762905347226
FOL_DW,241,127,0.82201484223678,8.93258803675947,272.277237344424,0.822049792036116
FOL_DW,242,30,1.19732904311549,16.6778751600649,32.9228033528808,0.943762498638348
FOL_DW,261,254,1.13902603820955,18.4577569793603,119.543036318109,0.777105694593194
FOL_DW,263,111,2.1949756826897,42.0828381807714,248.158316292559,0.838286967632111
FOL_DW,264,5,1.99182105468335,48.7819069022206,21.3554711064471,-0.349693761942405
FOL_DW,310,4,1.43651897121939,11.3338636276984,47.6754631275309,0.140834143310176
FOL_DW,312,16,0.14698871561118,1.54803578727274,23.5954093538255,0.896012741824203
FOL_DW,313,50,0.400023901746411,3.53309293082869,107.254166657932,0.918458455145207
FOL_DW,314,4,1.49881866641488,27.6688150485982,68.3873134579167,0.547948087169563
FOL_DW,315,5,0.31111625199032,0.797492814031969,144.588687553338,-0.40054874749535
FOL_DW,316,448,0.600816318685635,7.42246112755246,142.85746921737,0.741238413755415
FOL_DW,317,53,0.585982630033727,6.38362138140513,92.7049664918953,0.665695478400685
FOL_DW,318,284,0.664858620427616,10.3053891146851,96.1875192402084,0.7598640009327
FOL_DW,319,1,inf,0.0893892701893226,,-inf
FOL_DW,320,2,0.289995124523426,0.909068520596369,7.7389601315819,0.717381219814893
FOL_DW,332,5,0.591703761893265,5.826787391311,690.133013557717,0.679634936982962
FOL_DW,351,57,0.781194831205829,8.46930333349148,1109.26364319306,0.882935762144153
FOL_DW,352,2,0.278961211722462,0.216980900946666,121.523103710262,-0.177017784390674
FOL_DW,356,4,0.330746425252153,1.88470497676918,259.400062861337,0.891442971472145
FOL_DW,361,31,0.540826179285936,4.44799084903108,84.0334949204075,0.899112360077478
FOL_DW,370,38,0.88206455334218,10.8172515156523,342.206795032453,0.806380539017586
FOL_DW,371,130,0.824952315331612,10.2729631836604,146.017446288687,0.509151248872094
FOL_DW,372,38,0.495621520718816,4.48905666410439,87.9093886287285,0.722080210854843
FOL_DW,375,138,0.5180934798095,4.97225033947952,98.6606670929362,0.763220609090661
FOL_DW,379,3,0.147277186392191,0.310090950250822,27.3850302214662,-2.15381769988018
FOL_DW,391,60,0.350034794925365,1.80052883723943,158.714774239724,0.680380238449037
FOL_DW,400,247,1.10451890795028,16.4727296597951,142.264471477692,0.698291787129574
FOL_DW,402,6,1.77267313209054,36.1665295285061,51.5651111138923,-1.17452989422914
FOL_DW,403,8,0.753518295362824,4.90191397190107,162.909379394726,0.758062242524842
FOL_DW,431,30,0.583103630336651,11.3155307538222,51.8151255419771,0.800609494436154
FOL_DW,460,14,0.195884036457361,0.485632348747391,85.0857707203141,0.941369355000784
FOL_DW,461,107,0.589017845586154,8.22055247839219,81.0251513211265,0.799364206559141
FOL_DW,462,10,0.949662771463937,13.900021544558,51.4600958928445,-0.045045558750946
FOL_DW,471,18,0.254416750320077,0.675079941870952,87.3185989478054,0.86142345251195
FOL_DW,491,66,0.201391729038083,0.513160789290551,129.862844784365,0.841140643935773
FOL_DW,521,8,0.804875549302694,7.11110767564044,185.127625482602,0.646700268657169
FOL_DW,531,139,1.43512712395485,18.6585530789018,123.022925277743,0.516074037698635
FOL_DW,540,274,0.544146109120214,6.56032685405276,138.73641617947,0.698713574069502
FOL_DW,541,89,0.49717034015644,5.74906200999741,224.771573067162,0.707588580738039
FOL_DW,543,44,0.285254124537847,2.75570926618069,96.572907107641,0.43945646173124
FOL_DW,544,99,0.523094321533164,10.2138943200603,118.132522743538,0.598487787201138
FOL_DW,581,3,0.13575628453525,0.482417648924554,33.104835434142,0.992911260359797
FOL_DW,591,13,0.136926000027883,0.174428918417079,57.7999708264164,0.993342439028089
FOL_DW,602,1,inf,2.99793392995968,,-inf
FOL_DW,611,726,0.486260877919969,5.71650355970226,202.720777993959,0.789149519580738
FOL_DW,621,227,0.403910391984781,7.04608444996972,86.4932511532886,0.735162152260191
FOL_DW,631,31,0.737728796979893,12.8587211083022,34.8226224380232,0.74766590376736
FOL_DW,653,8,0.518511974285844,4.08176491901921,75.6636710481598,0.745937175797554
FOL_DW,655,1,inf,0.936916635858036,,-inf
FOL_DW,680,4,0.216547135793678,0.577082862618697,84.137140680437,-1.3886645829789
FOL_DW,691,193,0.164760506995709,1.38370179312454,117.765782502132,0.726346028414624
FOL_DW,693,35,0.361367737037576,4.19856629314519,162.727840007433,0.90015975763886
FOL_DW,694,142,0.384458328436921,4.542012732641,54.7016402605926,0.903535088989798
FOL_DW,701,4,0.167073622957086,0.237490369297555,125.226969499192,0.449739751130841
FOL_DW,711,35,0.215485102704294,1.20175780515377,103.802749321948,0.790673479882799
FOL_DW,721,1,inf,0.336877616982202,,-inf
FOL_DW,731,41,1.25298372785809,15.5339010058774,582.80282161791,0.6506388080078
FOL_DW,740,132,0.22879693715688,1.25709904400838,70.0124746213083,0.856177355673869
FOL_DW,741,100,0.309057038920605,3.21859368141275,67.5023959832957,0.740808093933936
FOL_DW,742,76,0.609115397214906,8.06048833112595,83.3633512554586,0.656484673339904
FOL_DW,743,82,0.342354080383233,2.89667339926699,86.7858595351742,0.70350100362581
FOL_DW,746,362,0.420597010631175,4.84111337471755,165.263609360895,0.726111762065628
FOL_DW,761,14,0.418421786258615,5.52332183244029,936.851711947396,0.749224098364826
FOL_DW,762,146,0.545715018073465,4.54067968064038,165.642549178244,0.46418745368372
FOL_DW,800,22,0.601357438506781,4.51467478672924,407.418592569542,0.698623214181867
FOL_DW,802,423,1.06820853947377,17.2680383307389,96.7183474945669,0.784745863773984
FOL_DW,804,1,inf,3.31892652880819,,-inf
FOL_DW,806,83,1.38443987146846,19.5293562992252,124.322718252068,0.744658860038937
FOL_DW,807,14,1.10765717667806,25.1367951852498,297.201444499501,-1.87576015565915
FOL_DW,812,53,0.962107546980116,11.8571524222397,96.9538575013054,0.846286437858556
FOL_DW,813,18,0.459599839766986,3.74163812733413,29.3445234096491,0.820168340032889
FOL_DW,819,32,0.986715335806249,5.15088511133876,52.7982462939616,0.778638070962445
FOL_DW,820,47,0.98061549443137,12.6252277094455,97.9287614818816,0.725505366073793
FOL_DW,822,88,1.10503017884083,22.9234318705168,111.892530733823,0.757079679670766
FOL_DW,823,9,0.714606298685761,5.17271385821619,116.653499588909,-6.24671591637937
FOL_DW,824,25,0.711413960442033,3.51267193995356,50.7886221723698,0.852966642905178
FOL_DW,825,1,inf,1.70710496219788,,-inf
FOL_DW,827,206,1.16048269086187,13.8721823984122,111.602841225279,0.746756331257079
FOL_DW,828,57,1.27626724339079,23.6324673042742,85.4477038403471,0.752074805799456
FOL_DW,830,4,0.636408245075068,2.84310822535258,193.898977306639,0.269969349192367
FOL_DW,831,91,0.9168896097561,23.5863926369966,82.1702881777003,0.682589427495961
FOL_DW,832,90,0.774844129992907,9.07005629433476,117.679114417879,0.917398094917036
FOL_DW,833,158,0.739318841002073,11.5238857385785,93.0243102208654,0.752814085045113
FOL_DW,835,30,0.472525925058724,5.98850139446961,35.873332706133,0.926477889052838
FOL_DW,837,55,0.70016049782989,8.98943953486295,531.232326457784,0.855652951857318
FOL_DW,840,31,0.67380494618059,3.82782035790189,57.5323368395051,0.776775336700777
FOL_DW,842,32,0.617322486628926,3.13631284457124,54.3847783325414,0.84727505362498
FOL_DW,901,27,0.40879383141065,5.37071426507385,26.6883560633195,0.767088931014836
FOL_DW,920,7,0.161335278669317,0.794030457735159,82.6324632649655,0.965448661258031
FOL_DW,922,45,0.676312419434959,13.4628567322084,137.990531867854,-3.06088189493673
FOL_DW,931,10,0.242229086134162,1.11947132093743,93.3894410771824,0.837298530862785
FOL_DW,935,7,0.406448569302996,2.497914735382,53.947413168308,0.912112763582038
FOL_DW,950,98,1.3883802064064,8.83766382879699,579.016844893736,0.31479799259168
FOL_DW,951,48,0.367825681415947,5.78009109786825,183.950330583798,0.902943290475752
FOL_DW,952,6,0.22372314012831,1.45008516072651,189.956008874054,0.892327502375469
FOL_DW,970,55,0.395824346577255,2.9223618878718,92.1387970619732,0.80598584705499
FOL_DW,972,104,0.305330496975218,3.06384169581555,99.4375749391574,0.762920957580837
FOL_DW,999,81,0.576752947605282,4.06277372268076,151.07134793074,0.502363474511534
FOL_DW,8468,1,inf,0.12416609141545,,-inf
TT_DW_ADJ,,18465,10.7568718776936,196.280573358295,21.4511171060236,0.974908961352864
TT_DW_ADJ,11,42,12.6111242505353,361.396894994712,17.043406336936,0.978289910637834
TT_DW_ADJ,12,454,5.04847980006069,59.9476094562004,18.3542027171926,0.964343240434107
TT_DW_ADJ,15,90,22.434877989712,604.215653589118,27.1049193243752,0.987777521827562
TT_DW_ADJ,16,11,6.86146593630055,37.2110516996398,32.2066327318504,0.892403748485961
TT_DW_ADJ,17,46,12.6021460343908,198.858019367866,17.6806139737671,0.993698140568333
TT_DW_ADJ,19,227,6.58265390606653,85.3919904686791,19.2984785141327,0.968500226219072
TT_DW_ADJ,20,14,43.0526587869997,893.992018540174,28.2348482182154,0.76362875106031
TT_DW_ADJ,42,5,4.73316609854362,74.9546350559154,10.8053636939466,0.995361191270427
TT_DW_ADJ,68,48,20.5219510796465,238.043857196517,28.0108042509489,0.803152975604218
TT_DW_ADJ,71,299,6.76332489844529,67.9545074542479,28.9188328991053,0.952509340421501
TT_DW_ADJ,73,40,10.3578785499835,217.357897074137,14.1898722989739,0.959463285009291
TT_DW_ADJ,91,30,10.1532667460068,116.58713509601,13.1769275942315,0.941099676568119
TT_DW_ADJ,93,125,9.44080447883052,134.77033974243,20.6358561262741,0.964974691584257
TT_DW_ADJ,94,448,18.9112974350168,306.656157017707,30.1298150011446,0.589974537093684
TT_DW_ADJ,95,1212,4.1710006768542,36.9554215199403,26.0430329178122,0.956511902147407
TT_DW_ADJ,96,1,inf,13.4265433822472,,-inf
TT_DW_ADJ,97,138,9.34634392844915,110.182304410108,19.9145992526784,0.951510300357275
TT_DW_ADJ,98,44,17.0632830947135,292.170601558405,24.2114012291956,0.945052018141
TT_DW_ADJ,105,374,5.87010839584495,67.1895190474106,16.9023674182424,0.964227368096433
TT_DW_ADJ,108,333,9.16405487315745,132.973766021356,18.7032309679862,0.952422460076012
TT_DW_ADJ,110,449,9.20234009308803,135.842357461422,17.9438835967793,0.964761565960716
TT_DW_ADJ,111,376,9.98218182173371,144.081440503692,17.6944490301376,0.975160465081181
TT_DW_ADJ,115,1,inf,17.7731268390447,,-inf
TT_DW_ADJ,116,9,10.0189451490353,137.512416587403,14.659591315626,0.924506546061432
TT_DW_ADJ,119,3,1.03073492598021,2.46605718252008,20.8077205096256,0.854771937473487
TT_DW_ADJ,121,586,10.8475761723273,163.503015970326,14.8847071062398,0.9687347825663
TT_DW_ADJ,122,364,13.6676847341133,238.858069536477,21.1203130741623,0.956451411385663
TT_DW_ADJ,123,6,6.44998988967298,31.3803017863694,24.414798927102,0.999443557498138
TT_DW_ADJ,125,428,5.46057314936268,84.6425401135247,12.3876961055265,0.981543317358631
TT_DW_ADJ,126,35,4.14612433838935,51.869918112981,16.310373482672,0.995580509594695
TT_DW_ADJ,129,390,8.541009817381,170.606463968041,14.1361275450169,0.982817678558682
TT_DW_ADJ,131,1108,9.07374590673865,138.094492027441,15.5880962939978,0.969787990355268
TT_DW_ADJ,132,109,5.52952044646544,75.5975137694312,20.8968402428482,0.963540188801441
TT_DW_ADJ,202,512,17.8246115969304,416.632328952361,24.2381113151878,0.974296589539999
TT_DW_ADJ,211,25,21.8182449545098,589.400674291654,19.5100701508572,0.928283558212188
TT_DW_ADJ,221,13,3.01219802418244,24.0408921654278,12.3858576908858,0.986341848913775
TT_DW_ADJ,222,35,8.45196938790713,95.4982770758698,21.0720868372329,0.968877319809893
TT_DW_ADJ,241,219,4.89226293371075,76.8933233722684,17.1323631151399,0.932932653352983
TT_DW_ADJ,242,51,4.81549607630424,58.2237245601841,17.9002912369207,0.984017157424619
TT_DW_ADJ,261,318,9.13998233229538,163.790820880387,17.2773221650759,0.971511091323998
TT_DW_ADJ,263,133,16.3326052813996,315.343279067378,21.1186470434607,0.967801742560051
TT_DW_ADJ,264,12,18.0424436039928,448.997201128944,24.4784602183413,0.971233085336171
TT_DW_ADJ,313,50,2.2463558618684,19.7020038829185,16.6337503118498,0.993670500933593
TT_DW_ADJ,314,4,56.822241828085,1182.17777968321,50.7682077103833,0.911172328099504
TT_DW_ADJ,315,11,3.17828588046079,9.79567599512587,9.89395385928208,0.739727338068735
TT_DW_ADJ,316,483,7.84768380488111,98.3922394944324,22.1365474217272,0.987792945241554
TT_DW_ADJ,317,53,12.764929905745,180.66538944279,20.4762698468095,0.947639483258731
TT_DW_ADJ,318,384,15.8115381072121,307.038588026321,17.5513377907272,0.966760179624197
TT_DW_ADJ,320,2,2.1127763888933,4.55304131019369,10.9415942370179,0.987345952318179
TT_DW_ADJ,351,15,12.632736056343,103.874550327011,46.881062240166,0.857627258319259
TT_DW_ADJ,352,2,0.987559654410965,0.76814114130626,29.0968598890357,-0.396546302881146
TT_DW_ADJ,370,38,13.3344669729429,174.547433795301,20.945255050434,0.97162496171008
TT_DW_ADJ,371,269,21.5144653599926,394.400988268747,18.4380305760312,0.91680509878847
TT_DW_ADJ,372,10,17.5985734474104,240.013771217837,19.7011863505852,0.949215097857061
TT_DW_ADJ,375,437,7.3062673361783,77.8464490243563,18.2910776515919,0.964466717849583
TT_DW_ADJ,379,3,1.8125928738209,3.10250161155666,15.9940432180485,0.753914163479709
TT_DW_ADJ,391,60,3.19303638681275,17.7385614848016,19.1348408395234,0.954405090857371
TT_DW_ADJ,400,222,14.9239912515138,238.675974549414,25.7067923165031,0.972860642243742
TT_DW_ADJ,402,6,19.0653514368827,450.495719939011,6.29633229311601,0.984034715179188
TT_DW_ADJ,403,8,4.33834700965552,28.6986689841588,19.5132964499844,0.992194630915992
TT_DW_ADJ,460,14,1.01451353819017,2.79493684686249,13.7570810577114,0.994522363680811
TT_DW_ADJ,461,107,11.0690004132165,167.868500595084,20.8675155248813,0.97030362192904
TT_DW_ADJ,462,10,11.4479425029006,217.844495081062,9.35793104310996,0.978819365807973
TT_DW_ADJ,471,18,3.06994975293814,16.9987276293,21.3383246312463,0.954379564961967
TT_DW_ADJ,491,60,1.3311919418327,3.51644140113647,22.2830228972241,0.966824323628053
TT_DW_ADJ,521,7,2.92144988646835,15.4578180359959,21.9514415938763,0.996351830929601
TT_DW_ADJ,531,211,22.328164000023,351.258805670832,24.5962689654764,0.968711784057494
TT_DW_ADJ,540,270,9.39919848671429,138.314968274443,20.9166840625632,0.961912735383262
TT_DW_ADJ,541,120,13.4646003344033,196.742998732895,23.3690811012554,0.953236385088093
TT_DW_ADJ,543,82,5.86006937873028,62.2145559153446,18.2721288264153,0.977086199026337
TT_DW_ADJ,544,88,17.2811037691431,416.761358660215,20.6769198833547,0.892601835843829
TT_DW_ADJ,591,22,2.31168011405837,8.29655712823436,15.2416423210057,0.978613294700184
TT_DW_ADJ,602,1,inf,25.3380792959562,,-inf
TT_DW_ADJ,611,714,7.20084318617298,121.934324281228,16.8737564252186,0.983846499749856
TT_DW_ADJ,621,180,9.68499872603817,157.221496491665,16.7605395943986,0.988849593049246
TT_DW_ADJ,653,17,4.07513067623068,33.3414240594042,15.6694235310499,0.984145715392823
TT_DW_ADJ,680,4,1.2667596510018,3.65029991309597,12.6216160374674,0.967558417886871
TT_DW_ADJ,691,148,2.12403377685399,17.7213206367898,14.9207829267383,0.99089853622975
TT_DW_ADJ,693,41,6.8720794991104,99.4165065685833,21.5642296995329,0.976952173662111
TT_DW_ADJ,694,151,15.1715350317695,219.947793754759,25.8012489861951,0.911760487541317
TT_DW_ADJ,701,18,2.3950277880066,12.7305171038586,16.163200314432,0.93227177817789
TT_DW_ADJ,711,41,4.00317834958138,33.0873829763621,27.6556378742586,0.97679590037238
TT_DW_ADJ,721,1,inf,1.07531758640008,,-inf
TT_DW_ADJ,731,40,13.4948141141216,220.359782549741,19.5549997233019,0.944130040993711
TT_DW_ADJ,740,128,2.37440878413302,35.294720086782,14.2498134304285,0.992459250180095
TT_DW_ADJ,741,215,9.969339554543,123.831523161722,57.0526741670028,0.944126031158005
TT_DW_ADJ,742,76,8.03009030717341,163.03658187151,31.7429289028508,0.970305102092887
TT_DW_ADJ,743,180,4.39959002976896,50.6871723812935,13.3908274704496,0.985668522519814
TT_DW_ADJ,746,704,7.36132114799227,90.6792322591816,17.266575529257,0.971960252619937
TT_DW_ADJ,747,19,5.51619097879225,48.4854442264556,19.3650032420642,0.96096856541365
TT_DW_ADJ,762,126,13.5500314460376,221.778223034907,20.8848976283818,0.962102915152754
TT_DW_ADJ,800,2,4.46115081574302,18.6669835899303,5.15769570265079,0.967916050384675
TT_DW_ADJ,802,363,13.2514161038784,261.847841280225,16.9348523593062,0.982366456337378
TT_DW_ADJ,804,1,inf,43.2992849489402,,-inf
TT_DW_ADJ,806,81,12.8162902967509,199.512735984405,12.7561430852195,0.981665752053974
TT_DW_ADJ,812,53,11.2653648948857,166.613228364811,12.3197914540295,0.975846134255008
TT_DW_ADJ,813,17,3.74486981505324,29.6583135538533,9.19593989885085,0.973866125139182
TT_DW_ADJ,819,32,4.68585301770817,24.7927380767621,19.1369644375993,0.909083994898806
TT_DW_ADJ,820,47,9.63700104817126,132.097380860285,15.291175989675,0.963039215666654
TT_DW_ADJ,822,88,26.3549725557483,692.037089667046,18.218251487088,0.950829542975471
TT_DW_ADJ,823,9,4.51771558596465,31.3394470606191,20.4233175892744,0.967258170987693
TT_DW_ADJ,824,25,2.81381183990367,13.5136567013016,13.6567248448547,0.962183701536005
TT_DW_ADJ,825,1,inf,0.136652140579599,,-inf
TT_DW_ADJ,827,206,11.2793284299894,157.104379164768,18.0565433007685,0.973777483866992
TT_DW_ADJ,828,57,26.4781011567646,670.712104373118,12.8014972581044,0.980029313199314
TT_DW_ADJ,830,4,7.9529868069974,38.516006495936,10.3213488158097,0.440558696447397
TT_DW_ADJ,831,91,21.7397693339112,580.624971875774,19.6072791054108,0.973504791779401
TT_DW_ADJ,832,90,13.1373274235641,238.628751743004,14.2630509327372,0.985284562969942
TT_DW_ADJ,833,198,14.4783699398813,260.690894181987,17.8881299642815,0.976154765953765
TT_DW_ADJ,835,28,12.9085616660294,220.914067568611,15.7144879907675,0.923609453206395
TT_DW_ADJ,837,48,7.91450929065984,117.596911801525,14.8061785523486,0.992781979183121
TT_DW_ADJ,840,31,2.40249324952788,12.1890815755576,15.3085636354564,0.97532533642503
TT_DW_ADJ,842,32,3.56907184981276,18.4245666012415,16.7236294502446,0.955550175687043
TT_DW_ADJ,901,19,15.2768634155139,211.484365619294,16.242548824378,0.91682936037838
TT_DW_ADJ,920,7,1.38637580888521,11.7523642641452,9.17120981723809,0.993418398843845
TT_DW_ADJ,922,6,10.0981279004451,175.57835895149,10.8380458291398,0.960932653227973
TT_DW_ADJ,931,4,5.17825142032168,11.0128114715632,29.5228963042349,0.99535878758802
TT_DW_ADJ,935,2,13.5114563215737,78.0573076219106,24.088744153551,0.772645661307177
TT_DW_ADJ,950,98,7.97296232676505,113.726396129828,23.0488340346134,0.974034415793131
TT_DW_ADJ,951,43,18.1041898115606,456.262539107593,27.2067730513035,0.906491937310132
TT_DW_ADJ,970,55,7.95662237648176,82.4282424520639,24.6588130844319,0.850644233102687
TT_DW_ADJ,972,104,7.34389011346421,86.1844348924151,19.8689542177477,0.976255753132788
TT_DW_ADJ,999,49,2.18528253073566,11.9866231828582,26.9476820111712,0.990659719510952
TT_WDBK_DW_ADJ,,12655,10.3845477850393,202.363666486201,19.6688301591692,0.979746728676208
TT_WDBK_DW_ADJ,11,8,10.5081348517294,220.028208768306,8.58644663564925,0.995189493976039
TT_WDBK_DW_ADJ,12,117,2.85868296839161,24.6721407759387,18.779109009924,0.99072930275399
TT_WDBK_DW_ADJ,15,90,20.5763862137782,534.349708524908,29.1800099488603,0.989815502305458
TT_WDBK_DW_ADJ,16,11,5.5256248432544,34.424520578028,28.7884244100178,0.904200367858588
TT_WDBK_DW_ADJ,17,45,11.7404271129228,201.470253295032,16.062418337156,0.993106935986495
TT_WDBK_DW_ADJ,19,96,5.28732799048152,70.9349034438085,20.4717539141437,0.980270470232957
TT_WDBK_DW_ADJ,20,14,39.2824276689161,813.903912865884,29.5731668418154,0.767999796027279
TT_WDBK_DW_ADJ,42,4,7.07777612185612,141.60668224036,6.94176046905317,0.98060506092575
TT_WDBK_DW_ADJ,68,34,5.00749398919373,46.7097906533458,20.460592488157,0.905673336030907
TT_WDBK_DW_ADJ,71,90,5.34542757155263,44.5465913629437,28.3747087383524,0.975351284362653
TT_WDBK_DW_ADJ,73,40,10.1985683949844,214.925367079635,13.2944432929095,0.959522403016769
TT_WDBK_DW_ADJ,93,98,7.63921138156497,105.329890624228,20.8419187297577,0.967590292301848
TT_WDBK_DW_ADJ,94,77,4.8929790706941,44.8610871378901,26.6305916138083,0.96957947098009
TT_WDBK_DW_ADJ,95,77,2.50755102897976,18.0749609218904,14.7773236300198,0.969653210398133
TT_WDBK_DW_ADJ,96,1,inf,6.15590685882991,,-inf
TT_WDBK_DW_ADJ,97,48,8.49983838210775,98.1638035207168,16.9059003010898,0.971071667576474
TT_WDBK_DW_ADJ,98,31,19.426162769474,335.222360255857,29.0827771879616,0.924248378878511
TT_WDBK_DW_ADJ,105,53,3.66968475903888,44.9839207076257,10.5557219542773,0.984844415968428
TT_WDBK_DW_ADJ,108,178,8.04652831526507,112.403690420475,17.9025729017093,0.971753155986912
TT_WDBK_DW_ADJ,110,232,4.72875437206644,55.7895010856321,19.5713162368478,0.99062142431736
TT_WDBK_DW_ADJ,111,173,7.31371057631518,101.968499586847,21.2616135825754,0.983611536812565
TT_WDBK_DW_ADJ,115,1,inf,18.2858310124277,,-inf
TT_WDBK_DW_ADJ,116,9,7.60903754244583,104.848658490129,12.3406150283372,0.9453116302691
TT_WDBK_DW_ADJ,121,313,9.30408460876128,133.412206461916,16.1884466592984,0.975948605781733
TT_WDBK_DW_ADJ,122,364,12.4388821872991,220.444352881445,20.795230454921,0.959633504356529
TT_WDBK_DW_ADJ,123,6,5.94676372209954,32.7961692170055,23.3496973341211,0.999387197617154
TT_WDBK_DW_ADJ,125,221,5.7580874137629,101.337590689849,14.1862910170843,0.982140108029443
TT_WDBK_DW_ADJ,126,35,3.59852716682597,47.7590330825404,15.0421051545477,0.996083340995245
TT_WDBK_DW_ADJ,129,337,8.41342375353333,172.577528185146,14.8083929123681,0.983348386547387
TT_WDBK_DW_ADJ,131,623,5.2610032298864,82.5375336270711,18.268675984103,0.986428616266334
TT_WDBK_DW_ADJ,132,110,5.33698892268808,72.769805952029,20.5262134016824,0.964151248130822
TT_WDBK_DW_ADJ,202,363,18.2992303554446,447.439900810943,19.4529813909031,0.975730710956337
TT_WDBK_DW_ADJ,211,25,20.8216326063061,565.08574089473,19.4929595010636,0.92927570611484
TT_WDBK_DW_ADJ,221,13,2.90819866078285,22.9920045330339,12.329835128104,0.987448070347494
TT_WDBK_DW_ADJ,222,77,7.79094084495235,89.6463108868833,17.5702474084744,0.954799429174261
TT_WDBK_DW_ADJ,241,127,3.27089950046058,35.6492263390121,15.3893832581174,0.9746305221934
TT_WDBK_DW_ADJ,242,1,inf,192.094920973045,,-inf
TT_WDBK_DW_ADJ,261,232,9.60100937658303,174.905104431561,16.9364755770692,0.970714310177385
TT_WDBK_DW_ADJ,263,85,18.7242724139144,361.670367411128,21.8462604246711,0.963144430150363
TT_WDBK_DW_ADJ,264,6,13.4028474928313,257.309371092281,9.60330179279618,0.985477161092818
TT_WDBK_DW_ADJ,313,50,2.00389559477892,17.3863054449648,16.2366372579667,0.994565814549971
TT_WDBK_DW_ADJ,314,4,56.8837583641454,1192.65558379758,50.8304382513455,0.908190624533182
TT_WDBK_DW_ADJ,315,1,inf,13.9046445353772,,-inf
TT_WDBK_DW_ADJ,316,468,7.86585171269437,100.826583545766,21.5060561356921,0.986309725151504
TT_WDBK_DW_ADJ,317,53,12.6765446461583,179.961876266586,20.270499078933,0.946796912390804
TT_WDBK_DW_ADJ,318,231,15.7157966536333,342.450595269952,16.1247740468988,0.970435606237215
TT_WDBK_DW_ADJ,320,2,1.91726588217844,3.86286813300902,11.9781790743013,0.990070207137824
TT_WDBK_DW_ADJ,351,4,20.6143491988438,167.979354080432,31.8129876427746,0.674948502979205
TT_WDBK_DW_ADJ,352,2,0.709969879325212,0.552226967719957,23.2785459151224,-0.505948759887303
TT_WDBK_DW_ADJ,370,38,12.6665731507398,166.739160604161,19.5976298499618,0.97295915161097
TT_WDBK_DW_ADJ,371,126,18.3943672744821,366.561694104896,19.7659421270759,0.948740565733652
TT_WDBK_DW_ADJ,375,148,6.31666628770103,42.9921857060462,19.5274287424345,0.981428710444888
TT_WDBK_DW_ADJ,379,3,1.77136438814221,3.08295715669827,15.7580408555567,0.747948701225776
TT_WDBK_DW_ADJ,391,60,2.91635494405996,16.1749956976849,18.2846734926062,0.959314049612647
TT_WDBK_DW_ADJ,400,215,13.8874439160546,230.648812502043,25.3180677283264,0.976409180356158
TT_WDBK_DW_ADJ,402,6,18.4671951922699,428.359502750942,6.15396801583314,0.985401829164877
TT_WDBK_DW_ADJ,403,8,3.72302545153303,24.537830840452,18.621284035596,0.993946918480615
TT_WDBK_DW_ADJ,460,14,1.06000283750748,3.08281983653375,15.2009777909958,0.992596513543786
TT_WDBK_DW_ADJ,461,111,10.7075460951997,161.82575994861,20.614687140006,0.970421159312343
TT_WDBK_DW_ADJ,462,10,10.8954335899633,208.543057371259,9.42526613018846,0.980298496842061
TT_WDBK_DW_ADJ,471,19,2.86274873694526,16.1958122581779,19.9477716161191,0.955237300422931
TT_WDBK_DW_ADJ,491,56,1.28106764965512,3.40245011953586,22.3745804222034,0.960366565754186
TT_WDBK_DW_ADJ,521,7,3.15679016501631,21.4405290731725,22.0951489462454,0.992229111633471
TT_WDBK_DW_ADJ,531,116,18.1093846634031,285.22442797935,28.4834173202781,0.986209185150158
TT_WDBK_DW_ADJ,540,271,9.28762974134409,137.65130868757,21.0219450395804,0.961106666449262
TT_WDBK_DW_ADJ,541,117,13.6207995936675,198.095240670709,21.9936332821769,0.956658580829462
TT_WDBK_DW_ADJ,543,44,4.291362734441,38.4331809072928,18.7622497627817,0.975829542884202
TT_WDBK_DW_ADJ,544,93,17.4613759755995,405.25751139276,21.1933388796227,0.892785458934327
TT_WDBK_DW_ADJ,591,13,2.448328009623,9.86075621945028,19.0337041809672,0.980393121245107
TT_WDBK_DW_ADJ,602,8,1.79790332807701,12.4805403321263,10.5608323310493,0.99859990525791
TT_WDBK_DW_ADJ,611,773,8.23537643715689,138.336406719163,17.7224418316769,0.979041310321351
TT_WDBK_DW_ADJ,621,232,8.94132017479851,150.901453165099,15.7012429819611,0.988588947104216
TT_WDBK_DW_ADJ,653,8,5.62432814877164,46.682891821141,17.7864011683281,0.978129430680789
TT_WDBK_DW_ADJ,680,4,1.28219001388054,3.65735632485656,13.5108810033706,0.966262133285441
TT_WDBK_DW_ADJ,691,150,2.04737604235607,17.1438542372869,14.8469768664701,0.99116014995546
TT_WDBK_DW_ADJ,693,32,7.66712487521645,111.026213036869,21.5749122753658,0.973688539229711
TT_WDBK_DW_ADJ,694,142,15.4131598317301,223.568433858356,25.7282888857442,0.90641139924275
TT_WDBK_DW_ADJ,701,5,2.42458850469943,10.1786952912971,16.7688516453525,0.939898693706352
TT_WDBK_DW_ADJ,711,26,4.38584255415612,59.4679529804705,28.528534512558,0.962319712952334
TT_WDBK_DW_ADJ,721,1,inf,0.738439969417882,,-inf
TT_WDBK_DW_ADJ,731,40,12.8177822556723,211.476673578578,18.3954211310681,0.94586284060108
TT_WDBK_DW_ADJ,740,132,2.67693033549076,36.3818972380765,14.7381254671426,0.991698238735805
TT_WDBK_DW_ADJ,741,101,7.58273254007718,98.3576181938023,20.9175945521612,0.977620664293995
TT_WDBK_DW_ADJ,742,30,11.761388405582,264.605537206538,12.8292743667029,0.958494398907824
TT_WDBK_DW_ADJ,743,81,7.94447664859342,112.25428085683,11.2945443434368,0.963084895217116
TT_WDBK_DW_ADJ,746,398,6.45105755529102,83.6338645201587,15.4293160097382,0.978414933136795
TT_WDBK_DW_ADJ,762,145,12.7418701767013,208.017785065685,19.5698054163253,0.963000776359277
TT_WDBK_DW_ADJ,800,2,4.24340044923495,18.1236228817023,4.38527297992239,0.967585969400624
TT_WDBK_DW_ADJ,802,423,12.8249775476215,247.884189770012,15.9408416227585,0.985508729042867
TT_WDBK_DW_ADJ,804,1,inf,39.980358420132,,-inf
TT_WDBK_DW_ADJ,806,124,11.9496585928582,188.203790349413,12.252032302646,0.982046509763939
TT_WDBK_DW_ADJ,812,82,11.7246002284196,171.623893748562,12.4498442162337,0.977309526087413
TT_WDBK_DW_ADJ,813,17,3.42501293751245,27.2200170831914,8.93401260405736,0.975811301255987
TT_WDBK_DW_ADJ,819,32,3.77818955631277,19.9571240619491,17.8395997235236,0.922527175257821
TT_WDBK_DW_ADJ,820,48,8.73161926894812,119.76289603782,15.0528277689657,0.967587422200423
TT_WDBK_DW_ADJ,822,90,26.2232269813064,681.772100865891,18.3793109166028,0.950132167486359
TT_WDBK_DW_ADJ,823,9,3.988207015947,26.7942765001005,19.0577231060808,0.975897931303126
TT_WDBK_DW_ADJ,824,25,2.17415438273448,10.2792414073216,12.5130972807749,0.971132213087822
TT_WDBK_DW_ADJ,825,1,inf,1.84375710277749,,-inf
TT_WDBK_DW_ADJ,827,197,11.0361367122431,154.437413804313,18.1837237136801,0.9740816498928
TT_WDBK_DW_ADJ,828,58,25.5386090378047,652.022303844559,12.9855765180495,0.980457239127353
TT_WDBK_DW_ADJ,830,4,7.57769077514601,37.0307148490315,8.31362916210592,0.420265842234437
TT_WDBK_DW_ADJ,831,99,21.6392520677612,567.218047245151,18.7423175080941,0.973218029018645
TT_WDBK_DW_ADJ,832,124,12.8241905647936,242.581387364648,14.109716044312,0.981827512807966
TT_WDBK_DW_ADJ,833,168,14.7977081192712,276.592275379388,18.8816103168325,0.976717687369185
TT_WDBK_DW_ADJ,835,28,12.7056240396204,218.102634255093,15.7465609528997,0.921391001580157
TT_WDBK_DW_ADJ,837,66,7.43049956362363,107.483981764717,13.1657353727092,0.992164244117171
TT_WDBK_DW_ADJ,840,31,1.86178824137275,8.89343398822323,14.2405241521301,0.983852243213966
TT_WDBK_DW_ADJ,842,32,3.05637813352551,15.766514016597,15.9415627230089,0.96078462383444
TT_WDBK_DW_ADJ,854,15,12.5209257276496,89.1516806210582,64.9963387621728,0.0499566765935345
TT_WDBK_DW_ADJ,901,19,14.8926991960698,205.838526646164,16.2818412198656,0.918654153003376
TT_WDBK_DW_ADJ,920,7,1.28946794500323,11.0556674744241,8.38797325465732,0.993818617064029
TT_WDBK_DW_ADJ,922,6,9.89206951696035,175.128293504803,10.6795594340337,0.960409537397591
TT_WDBK_DW_ADJ,931,4,5.07834901501869,10.3866467230383,29.4586494727315,0.995694336426721
TT_WDBK_DW_ADJ,935,2,14.0407774940446,81.274301179653,23.6780058795251,0.745767951170226
TT_WDBK_DW_ADJ,950,98,7.57310304292306,112.340493271604,20.5922049292612,0.974083551090832
TT_WDBK_DW_ADJ,951,43,17.9135834862604,452.533294193454,26.3422351400305,0.905821373675786
TT_WDBK_DW_ADJ,970,55,7.74987645286423,80.4207398412665,25.165780162738,0.849046214513712
TT_WDBK_DW_ADJ,972,105,7.26368034518952,85.5259892997828,19.9026544148474,0.9769351588966
TT_WDBK_DW_ADJ,999,44,2.01389713653762,11.9858762796018,25.1376618925774,0.99076335996381
TT_WDBK_DW_ADJ,6026,1,inf,5.50519042464184,,-inf
TT_WDBK_DW_ADJ,6114,1,inf,122.739900127879,,-inf
TT_WDBK_DW_ADJ,6255,3,2.99352938991144,5.02354812758423,20.1335589598049,0.839054890569474
TT_WDBK_DW_ADJ,6284,11,29.8877582886767,231.483515120588,19.8980924840787,0.884193438475394
TT_WDBK_DW_ADJ,7084,2,8.55151476126157,11.5383456209236,37.7591859258019,-23.9495735964255
TT_WDBK_DW_ADJ,7298,2,4.28818188144315,9.43828607444235,42.8285954700579,0.404915928193352
TT_WDBK_DW_ADJ,7317,1,inf,10.4059127627754,,-inf
TT_WDBK_DW_ADJ,7514,4,7.28416696779285,12.6690034200643,44.7609260453782,0.210323748367261
TT_WDBK_DW_ADJ,7565,8,3.71517140157628,5.34598807755769,12.0371759916901,-1.71520403086193
TT_WDBK_DW_ADJ,7717,7,6.40828953342817,9.47439184168878,9.87621589250483,-1.20865873021337
TT_WDBK_DW_ADJ,8211,1,inf,0.982998099517292,,-inf
TT_WDBK_DW_ADJ,8664,1,inf,29.8267087564771,,-inf
